{"tutorialPosition":{"x":0.0,"y":0.0,"z":0.0},"level1Position":{"x":0.0,"y":0.0,"z":0.0},"level2Position":{"x":109.8199691772461,"y":50.14999771118164,"z":96.35114288330078},"level3Position":{"x":0.0,"y":0.0,"z":0.0}}