{"tutorialPosition":{"x":0.0,"y":0.0,"z":0.0},"level1Position":{"x":0.0,"y":0.0,"z":0.0},"level2Position":{"x":110.27337646484375,"y":51.60373306274414,"z":97.04862976074219},"level3Position":{"x":0.0,"y":0.0,"z":0.0}}