{"tutorialPosition":{"x":0.0,"y":0.0,"z":0.0},"level1Position":{"x":-23.824621200561525,"y":21.899999618530275,"z":50.89860534667969},"level2Position":{"x":0.0,"y":0.0,"z":0.0},"level3Position":{"x":0.0,"y":0.0,"z":0.0}}