{"tutorialPosition":{"x":-107.14338684082031,"y":1.0,"z":7.42240571975708},"level1Position":{"x":0.0,"y":0.0,"z":0.0},"level2Position":{"x":0.0,"y":0.0,"z":0.0},"level3Position":{"x":0.0,"y":0.0,"z":0.0}}