{"tutorialPosition":{"x":0.0,"y":0.0,"z":0.0},"level1Position":{"x":0.6399999856948853,"y":21.899999618530275,"z":-45.58000183105469},"level2Position":{"x":0.0,"y":0.0,"z":0.0},"level3Position":{"x":0.0,"y":0.0,"z":0.0}}